Case 1 - Ha = 0,,,,,,,,,,,,,Case 2 - Ha = 8,,,,,,,,,,,,,Case 3 - Ha = 16,,,,,,,,,,,
y/delta,U+,y/delta,theta (temp),y/delta,u'v',y/delta,u'u',y/delta,v'v',y/delta,w'w',,y/delta,U+,y/delta,theta,y/delta,u'v',y/delta,u'u',y/delta,v'v',y/delta,w'w',,y/delta,U+,y/delta,theta,y/delta,u'v',y/delta,u'u',y/delta,v'v',y/delta,w'w'
0.00373094438861682,0.468602339056252,0.010934393638171,0.0107753479125248,0.00368576892233669,0.0010610079575597,0.000952380952381149,0.00438596491228083,0.00285714285714273,0.00881057268722474,0.000938086303940044,0,,0.00557396677428312,0.848025485878001,0.0149105367793241,0.0200122342865883,0.00369090946476675,0.00318302387267899,0.002857142857143,-0.00438596491228083,0.0238095238095237,0.0396475770925115,0.00469043151969989,0.0110497237569058,,0.00553120523401246,1.07124072609095,0.0129224652087475,0.0107784064841718,0.00175292496864271,0.00318302387267899,0.002857142857143,0.00438596491228083,0.00666666666666654,0.00440528634361259,0.00469043151969989,0.0386740331491708
0.00744264608411188,1.09351948857198,0.0308151093439364,0.0569597797828414,0.0118438097588057,-0.00954907161803709,0.00476190476190497,0.109649122807018,0.0219047619047618,0.0660792951541849,0.00281425891181997,0.204419889502762,,0.0204207735562634,3.3476940839409,0.0506958250497018,0.0769903654993119,0.0137766537124998,-0.0074270557029178,0.00476190476190497,0.100877192982456,0.00857142857142845,0.00881057268722474,0.00656660412757981,0.143646408839779,,0.00736567531162463,1.49530692095529,0.0308151093439364,0.0338828567059182,0.0215028889848457,0.00318302387267899,0.00666666666666682,0.162280701754386,0.0390476190476189,0.0308370044052864,0.00844277673545973,0.176795580110496
0.0111714523957152,1.62915054200252,0.0467196819085487,0.0877534791252485,0.0196420126251722,-0.0286472148541115,0.002857142857143,0.25,0.0352380952380951,0.162995594713657,0.00469043151969989,0.3646408839779,,0.0222381390177673,3.86104637489042,0.0387673956262425,0.0554335525309682,0.0235128410749902,-0.026525198938992,0.00666666666666682,0.263157894736842,0.0352380952380951,0.0704845814977975,0.00656660412757981,0.303867403314917,,0.00724594299886677,2.12030959355156,0.0447316103379722,0.0539042667074476,0.0428618427816503,-0.0137931034482759,0.0161904761904763,0.31140350877193,0.0790476190476189,0.101321585903084,0.0140712945590995,0.342541436464088
0.0129759893951379,2.20946740501593,0.0586481113320079,0.110848753632054,0.0235848086690108,-0.0562334217506632,0.00666666666666682,0.399122807017544,0.0485714285714285,0.246696035242291,0.00656660412757981,0.519337016574585,,0.0278570054093348,4.53056381090847,0.0646123260437376,0.0985502370393027,0.0313418871959369,-0.0583554376657826,0.00857142857142867,0.346491228070176,0.0523809523809523,0.136563876651982,0.00844277673545973,0.447513812154696,,0.0109790254644971,2.63361912296081,0.0606361829025845,0.0739287352806239,0.0642567803754653,-0.0456233421750664,0.0238095238095239,0.43859649122807,0.132380952380952,0.215859030837005,0.0234521575984992,0.502762430939226
0.0185948557867054,2.87898484103397,0.0705765407554672,0.138559412754244,0.0294707297514034,-0.0859416445623342,0.00857142857142867,0.539473684210526,0.0619047619047617,0.348017621145375,0.0103189493433397,0.69060773480663,,0.0315815355669111,5.08851638836031,0.0785288270377734,0.120110108579294,0.0372278082783296,-0.0880636604774537,0.0104761904761906,0.442982456140351,0.0752380952380952,0.233480176211454,0.0121951219512196,0.574585635359116,,0.0165166449295504,3.72724551538346,0.0765407554671968,0.0939532038538002,0.0895122653342381,-0.0710875331564987,0.0295238095238097,0.565789473684211,0.187619047619048,0.343612334801762,0.0347091932457787,0.657458563535911
0.0242094460242457,3.57082380107332,0.0825049701789264,0.160116225722587,0.0334186663376719,-0.115649867374005,0.0104761904761906,0.666666666666667,0.077142857142857,0.449339207048458,0.0121951219512196,0.87292817679558,,0.0353060657244873,5.64646896581215,0.0924453280318091,0.141669980119284,0.0431188699031522,-0.119893899204244,0.0104761904761906,0.570175438596491,0.0942857142857142,0.325991189427313,0.0140712945590995,0.729281767955801,,0.0146864510059652,3.28085779649783,0.0924453280318091,0.1170545955039,0.118607735488249,-0.0816976127320955,0.0371428571428573,0.692982456140351,0.237142857142857,0.449339207048458,0.0459662288930582,0.817679558011049
0.0279297000277949,4.15109790254645,0.0944333996023857,0.184749961767854,0.0373820245512306,-0.151724137931035,0.0123809523809525,0.798245614035088,0.0942857142857142,0.581497797356828,0.0140712945590995,1.03867403314917,,0.040942036732163,6.22670030574501,0.106361829025845,0.161691390120814,0.0470668064894207,-0.149602122015915,0.0142857142857145,0.719298245614035,0.117142857142857,0.422907488986784,0.0159474671669794,0.856353591160221,,0.0220970259348741,4.59765666759317,0.108349900596421,0.135540602538615,0.147667221845249,-0.0774535809018567,0.0447619047619049,0.820175438596491,0.29047619047619,0.550660792951542,0.0572232645403378,0.983425414364641
0.0316542301853712,4.70905047999829,0.108349900596421,0.209386756384768,0.0393868360989452,-0.179310344827586,0.0142857142857145,0.894736842105263,0.115238095238095,0.704845814977974,0.0159474671669794,1.20441988950276,,0.0465780077398388,6.80693164567788,0.120278330019881,0.183251261660805,0.0529527275718134,-0.179310344827586,0.0180952380952382,0.864035087719298,0.138095238095238,0.519823788546256,0.0196998123827393,0.988950276243094,,0.0183468388531354,4.1736332342691,0.124254473161034,0.157103532650252,0.176706146032529,-0.0647214854111406,0.0561904761904763,0.942982456140351,0.345714285714286,0.638766519823789,0.077861163227017,1.14364640883978
0.0334887002629835,5.13311667486263,0.120278330019881,0.230943569353112,0.0433553348549339,-0.217506631299735,0.0161904761904763,1.00438596491228,0.132380952380952,0.828193832599119,0.0196998123827393,1.35359116022099,,0.0522097025934873,7.40948450963204,0.134194831013917,0.204811133200795,0.056900664158082,-0.209018567639257,0.0180952380952382,1.0219298245614,0.160952380952381,0.616740088105727,0.0215759849906192,1.15469613259668,,0.0277672061747663,4.99931581535567,0.142147117296223,0.178669521333537,0.203807085723686,-0.0519893899204243,0.0695238095238097,1.06140350877193,0.400952380952381,0.709251101321586,0.0909943714821765,1.23204419889503
0.0391289474246862,5.6910264907742,0.13220675944334,0.247884997706071,0.0492669586494767,-0.257824933687003,0.0180952380952382,1.12719298245614,0.151428571428571,0.94273127753304,0.0215759849906192,1.50828729281768,,0.059727181373073,8.16824528019499,0.150099403578529,0.226374063312433,0.0608537412867806,-0.240848806366048,0.021904761904762,1.14912280701754,0.185714285714286,0.713656387665199,0.0253283302063791,1.32044198895028,,0.0334031771824421,5.57954715528853,0.158051689860835,0.197155528368252,0.227032056422594,-0.0392572944297083,0.082857142857143,1.12280701754386,0.456190476190476,0.766519823788546,0.107879924953096,1.31491712707182
0.0447606422783348,6.29357935472836,0.146123260437376,0.269444869246062,0.0532354574054655,-0.296021220159151,0.0200000000000001,1.23684210526316,0.174285714285714,1.06167400881057,0.0253283302063791,1.66850828729282,,0.0691732056188663,8.85999871715379,0.166003976143141,0.247936993424071,0.0667396623691732,-0.270557029177719,0.0238095238095239,1.28070175438597,0.21047619047619,0.81057268722467,0.0290806754221389,1.47513812154696,,0.0409548651942442,6.15973573368113,0.1779324055666,0.218724575623184,0.25413299611375,-0.026525198938992,0.105714285714286,1.17982456140351,0.50952380952381,0.814977973568282,0.134146341463415,1.38121546961326
0.0504051655940647,6.82916764661863,0.162027833001988,0.2910077993577,0.0571936750765941,-0.329973474801061,0.021904761904762,1.35526315789474,0.195238095238095,1.16740088105727,0.027204502814259,1.83425414364641,,0.0824292831027774,9.66327425113853,0.181908548707753,0.267961461997247,0.0726307239939958,-0.302387267904509,0.0276190476190477,1.40789473684211,0.237142857142857,0.903083700440529,0.0347091932457787,1.64640883977901,,0.0541810095999657,7.11926193581493,0.195825049701789,0.238752102768007,0.281244216889766,-0.0180371352785146,0.134285714285714,1.17543859649123,0.564761904761905,0.850220264317181,0.162288930581614,1.40883977900552
0.0541382480596951,7.34247717602788,0.175944333996024,0.309490747820768,0.0611467522052928,-0.361803713527851,0.0238095238095239,1.4780701754386,0.22,1.27753303964758,0.0309568480300189,2.01104972375691,,0.0995082422868872,10.5111073100853,0.197813121272366,0.289524392108885,0.0765735200378344,-0.329973474801061,0.0314285714285715,1.68859649122807,0.267619047619048,1,0.0384615384615386,1.80662983425414,,0.0674926770862286,7.63235765752282,0.219681908548708,0.261865728704695,0.306417453169658,-0.00954907161803709,0.160952380952381,1.1359649122807,0.62,0.881057268722467,0.190431519699812,1.41436464088398
0.0635885484595155,8.01190908896539,0.18986083499006,0.326435234745374,0.0651203915037115,-0.402122015915119,0.0276190476190477,1.59649122807018,0.244761904761905,1.37885462555066,0.0347091932457787,2.16574585635359,,0.118545680015394,11.1356823672789,0.215705765407555,0.309551919253709,0.0844025661587811,-0.361803713527851,0.0295238095238097,1.56140350877193,0.3,1.09251101321586,0.0440900562851784,1.97237569060773,,0.0770285005665904,7.85535909003442,0.231610337972167,0.274191772442269,0.331585548907121,0.0010610079575597,0.187619047619048,1.08333333333333,0.673333333333333,0.907488986784141,0.216697936210131,1.39779005524862
0.0711445126253447,8.56977614333668,0.203777335984095,0.34337972166998,0.0690837497172702,-0.438196286472149,0.0295238095238097,1.71052631578947,0.265714285714286,1.4625550660793,0.0365853658536587,2.30939226519337,,0.137608774668063,11.6263282803447,0.233598409542743,0.32804098486007,0.0941695967758518,-0.393633952254642,0.0352380952380953,1.80701754385965,0.336190476190476,1.18942731277533,0.0497185741088181,2.13259668508287,,0.0884800410510787,8.07831776100575,0.261431411530815,0.29885303563236,0.380035161310221,0.0010610079575597,0.214285714285714,1.02631578947368,0.728571428571428,0.929515418502203,0.24108818011257,1.37569060773481
0.0806076414872464,9.1722434842103,0.221669980119284,0.36033032573788,0.0730471079308289,-0.474270557029178,0.0314285714285715,1.81578947368421,0.294285714285714,1.55947136563877,0.0422138836772984,2.4585635359116,,0.168161895191465,12.1390391481901,0.253479125248509,0.348071570576541,0.105869471346617,-0.423342175066313,0.0352380952380953,1.92543859649123,0.378095238095238,1.29074889867841,0.0572232645403378,2.29834254143646,,0.101860127001775,8.23426909837292,0.283300198807157,0.315809756843554,0.418794851232702,0.0010610079575597,0.242857142857143,0.973684210526316,0.781904761904762,0.94273127753304,0.265478424015009,1.34806629834254
0.0881849864232109,9.61850291847512,0.23558648111332,0.372659428047102,0.0789535911829417,-0.512466843501326,0.0333333333333335,1.94736842105263,0.322857142857143,1.65198237885463,0.0459662288930582,2.61325966850829,,0.210226422355733,12.5622073507088,0.277335984095428,0.368108273436305,0.127254127855571,-0.450928381962865,0.0390476190476192,2.03947368421053,0.418095238095238,1.37444933920705,0.0647279549718575,2.4585635359116,,0.117160206110624,8.36785615017853,0.313121272365805,0.337394096956721,0.465306479139679,0.0010610079575597,0.26952380952381,0.921052631578947,0.837142857142857,0.955947136563877,0.291744840525328,1.31491712707182
0.101496653909474,10.131598640183,0.255467196819086,0.389613090686649,0.0848497933501944,-0.546419098143236,0.0371428571428573,2.06140350877193,0.359047619047619,1.75330396475771,0.051594746716698,2.77348066298343,,0.263793803852815,12.9404759359432,0.303180914512923,0.388148034867717,0.156339316924722,-0.457294429708223,0.0409523809523811,2.14035087719298,0.461904761904762,1.45814977973568,0.0759849906191371,2.62430939226519,,0.132473113681555,8.43447862992025,0.336978131212724,0.35127695366264,0.525383998519524,0.0010610079575597,0.298095238095238,0.87280701754386,0.89047619047619,0.960352422907489,0.318011257035647,1.27624309392265
0.116724038399863,10.6446516003506,0.273359840954274,0.401948310139165,0.0946322455945551,-0.584615384615385,0.0390476190476192,2.18421052631579,0.391428571428571,1.83700440528634,0.0572232645403378,2.95027624309392,,0.317382566120032,13.2071369010712,0.331013916500994,0.406652393332314,0.185393662739292,-0.450928381962865,0.0447619047619049,2.25438596491228,0.501904761904762,1.52863436123348,0.0909943714821765,2.79005524861878,,0.151617455260738,8.50101558658143,0.366799204771372,0.369784370698884,0.573833610922625,0.0010610079575597,0.322857142857143,0.837719298245614,0.943809523809524,0.969162995594714,0.344277673545966,1.23756906077348
0.128141369652135,11.0461824634923,0.29324055666004,0.415825049701789,0.104424978923776,-0.627055702917772,0.0447619047619049,2.33771929824561,0.423809523809524,1.91189427312775,0.0647279549718575,3.12707182320442,,0.359494130978598,13.3847683393556,0.358846918489066,0.422079828719988,0.210546336849464,-0.43395225464191,0.0485714285714287,2.37719298245614,0.543809523809524,1.59471365638767,0.102251407129456,2.87292817679558,,0.174597507002202,8.54514549614077,0.392644135188867,0.382131824437987,0.610655316348981,0.0010610079575597,0.351428571428572,0.802631578947369,0.999047619047619,0.969162995594714,0.372420262664165,1.19337016574586
0.149141562079066,11.4251779949114,0.315109343936382,0.428166386297599,0.118073119075525,-0.661007957559682,0.0485714285714287,2.46491228070175,0.458095238095238,1.99118942731278,0.0741088180112571,3.29281767955801,,0.416927155716149,13.5843792093391,0.384691848906561,0.435965743997553,0.235704151502066,-0.419098143236074,0.0542857142857144,2.51315789473684,0.585714285714286,1.65638766519824,0.119136960600375,2.95027624309392,,0.201413268905946,8.56686835859828,0.418489065606362,0.394479278177091,0.659104928752082,0.0010610079575597,0.378095238095238,0.771929824561403,1.05238095238095,0.964757709251102,0.426829268292683,1.11049723756906
0.17013747835197,11.8264950503517,0.342942345924453,0.44051689860835,0.135576666049802,-0.686472148541114,0.0542857142857144,2.60526315789474,0.496190476190476,2.06607929515419,0.0872420262664166,3.47513812154696,,0.470537298753501,13.7394325543606,0.414512922465209,0.448319314879951,0.264722513519627,-0.397877984084881,0.0600000000000002,2.67105263157895,0.627619047619048,1.70925110132159,0.141651031894934,3.02762430939227,,0.22631758995959,8.56631245857476,0.446322067594433,0.405291328949381,0.711430510147431,0.0010610079575597,0.404761904761905,0.75,1.10761904761905,0.960352422907489,0.481238273921201,1.03314917127072
0.200724808107588,12.1606337260268,0.368787276341948,0.451325890808992,0.160816729381284,-0.705570291777188,0.0580952380952382,2.72368421052632,0.53047619047619,2.13656387665198,0.102251407129456,3.59116022099448,,0.527983151953134,13.8720788522803,0.44234592445328,0.457592904113779,0.291802891041063,-0.376657824933687,0.0733333333333335,2.81578947368421,0.66952380952381,1.75770925110132,0.169793621013133,3.06629834254144,,0.255053345021488,8.5656710354707,0.472166998011928,0.416100321150023,0.75407130960459,-0.0010610079575597,0.433333333333333,0.728070175438597,1.16285714285714,0.947136563876652,0.533771106941839,0.966850828729281
0.237055012721558,12.5169656411024,0.392644135188867,0.460593362899526,0.182139699381079,-0.707692307692308,0.0657142857142858,2.83771929824561,0.572380952380952,2.21145374449339,0.115384615384615,3.67955801104972,,1.15048427444357,14.4162194522247,0.470178926441352,0.465328031809145,0.318883268562499,-0.355437665782493,0.082857142857143,2.85087719298246,0.711428571428571,1.80176211453745,0.197936210131332,3.07182320441989,,0.3374249000449,8.58615381326035,0.5,0.423835448845389,0.804458906503814,-0.0010610079575597,0.46,0.706140350877193,1.21428571428571,0.938325991189428,0.590056285178236,0.917127071823204
0.273402321951637,12.7840114600928,0.418489065606362,0.466786970484784,0.205385232249707,-0.703448275862069,0.0771428571428572,2.94298245614035,0.629523809523809,2.29955947136564,0.132270168855535,3.74585635359116,,1.20604434371726,14.3926578435355,0.5,0.473066218076158,0.347906771122489,-0.336339522546419,0.0923809523809525,2.85087719298246,0.753333333333333,1.83700440528634,0.220450281425891,3.06077348066298,,0.36999208911505,8.58542686707575,0.525844930417495,0.431567517969108,0.850965393868361,0.0010610079575597,0.488571428571429,0.68859649122807,1.26952380952381,0.920704845814978,0.644465290806754,0.87292817679558
0.319332492356375,13.0285219473605,0.446322067594433,0.47452209818015,0.226682499537351,-0.694960212201592,0.0695238095238097,2.89473684210526,0.688571428571429,2.38325991189427,0.151031894934334,3.79558011049724,,1.25778153129076,14.3245387098843,0.525844930417495,0.479259825661416,0.376925133140049,-0.315119363395226,0.1,2.82017543859649,0.793333333333333,1.87224669603524,0.24671669793621,3.03314917127072,,0.4025592781852,8.58469992089115,0.55168986083499,0.437761125554366,0.897477021775338,0.0010610079575597,0.515238095238095,0.675438596491228,1.30952380952381,0.907488986784141,0.698874296435272,0.845303867403315
0.36526693891514,13.250710910607,0.476143141153081,0.480721822908702,0.249907470236259,-0.682228116710875,0.0866666666666668,2.9780701754386,0.730476190476191,2.43612334801762,0.169793621013133,3.81767955801105,,1.31527014603066,14.233969767591,0.55168986083499,0.483914971708212,0.402077807250221,-0.298143236074271,0.107619047619048,2.78508771929825,0.837142857142857,1.89867841409692,0.274859287054409,2.99447513812155,,0.429379316242971,8.58410125932736,0.579522862823062,0.445496253249732,0.953678572162935,0.0010610079575597,0.543809523809524,0.662280701754386,1.37619047619048,0.872246696035242,0.75328330206379,0.823204419889502
0.415037095636185,13.4504928267516,0.50596421471173,0.485383086098792,0.275065284888862,-0.66737400530504,0.1,2.98245614035088,0.772380952380952,2.48017621145374,0.190431519699812,3.8232044198895,,1.37851018793697,14.1209510166556,0.577534791252485,0.488570117755008,0.431101309810211,-0.279045092838196,0.113333333333334,2.75438596491228,0.877142857142857,1.92070484581498,0.303001876172608,2.93922651933702,,0.458115071304868,8.5834598362233,0.605367793240557,0.45168986083499,0.994376246581539,0.0010610079575597,0.570476190476191,0.649122807017544,1.42952380952381,0.841409691629956,0.807692307692308,0.806629834254143
0.459064377498878,13.6280815034958,0.539761431411531,0.490050466432176,0.302150802952728,-0.648275862068966,0.10952380952381,2.95614035087719,0.816190476190476,2.51982378854626,0.216697936210131,3.8121546961326,,1.4340916379808,13.98578178786,0.60337972166998,0.491686802263343,0.458191968416507,-0.262068965517242,0.119047619047619,2.71929824561404,0.919047619047619,1.93392070484582,0.331144465290807,2.87292817679558,,0.488766543370892,8.58277565157897,0.633200795228628,0.457886526991895,1.03894988999239,0.0010610079575597,0.599047619047619,0.640350877192982,1.48285714285714,0.801762114537445,0.862101313320826,0.795580110497237
0.505015928673751,13.760984370657,0.577534791252485,0.494723963908855,0.32729319597804,-0.627055702917772,0.119047619047619,2.92105263157895,0.86,2.54625550660793,0.24296435272045,3.78453038674033,,1.54334737337239,13.6708430437664,0.631212723658052,0.494806545343325,0.487225752061358,-0.247214854111406,0.126666666666667,2.65350877192982,0.974285714285714,1.94273127753304,0.359287054409006,2.80662983425414,,0.51175514742041,8.58226251309572,0.659045725646123,0.462541673038691,1.09515144037999,0.0010610079575597,0.625714285714286,0.631578947368421,1.53809523809524,0.75330396475771,0.916510318949343,0.790055248618784
0.552878920698724,13.9161660002993,0.643141153081511,0.49790181985013,0.354373573499476,-0.605835543766578,0.128571428571429,2.87719298245614,0.915238095238095,2.5726872246696,0.265478424015009,3.75138121546961,,1.58744307369951,13.4912873361699,0.659045725646123,0.497926288423306,0.516254395163778,-0.230238726790451,0.0561904761904763,2.60526315789474,1.03142857142857,1.94273127753304,0.385553470919325,2.7292817679558,,0.536659468474054,8.5817066130722,0.688866799204771,0.467202936228781,1.14941500627146,0.0010610079575597,0.679047619047619,0.614035087719298,1.59333333333333,0.696035242290749,0.970919324577861,0.784530386740331
0.593091873169272,14.0045541040388,0.613320079522863,0.496317479736963,0.381448810478482,-0.582493368700265,0.138095238095238,2.82894736842105,0.964761904761905,2.58590308370044,0.287992495309569,3.70718232044199,,1.65646019969639,13.2218896324646,0.686878727634195,0.499507569964827,0.556900664158082,-0.209018567639257,0.063809523809524,2.71929824561404,1.1152380952381,1.92070484581498,0.411819887429644,2.64640883977901,,0.563479506531825,8.58110795150842,0.71272365805169,0.470316562165469,1.19205066518619,0.0010610079575597,0.734285714285714,0.600877192982456,1.64857142857143,0.629955947136564,1.02532833020638,0.784530386740331
0.637131983494045,14.1151782087191,0.708747514910537,0.499541214252944,0.40465321900767,-0.561273209549072,0.147619047619048,2.78070175438597,1.01047619047619,2.59030837004405,0.308630393996248,3.66850828729282,,1.69864018301939,13.0423766864082,0.720675944333996,0.499559565682826,0.583996463306808,-0.194164456233422,0.0676190476190478,2.7719298245614,1.1552380952381,1.89867841409692,0.438086303939963,2.56353591160221,,0.594130978597849,8.58042376686408,0.742544731610338,0.474977825355559,1.23662430859704,0.0010610079575597,0.78952380952381,0.596491228070175,1.70190476190476,0.541850220264317,1.0797373358349,0.784530386740331
0.679264929122747,14.181202026897,0.676938369781312,0.499492277106591,0.427867908621718,-0.544297082228117,0.159047619047619,2.72368421052632,1.05428571428571,2.58149779735683,0.329268292682927,3.61878453038674,,1.75425584229544,12.7286352654423,0.768389662027833,0.501171432940817,0.611092262455534,-0.179310344827586,0.14,2.56140350877193,1.19904761904762,1.87224669603524,0.460600375234522,2.48066298342541,,0.626698167668,8.57969682067948,0.766401590457256,0.478091451292247,1.29088787448852,0.0010610079575597,0.842857142857143,0.587719298245614,1.75714285714286,0.444933920704846,1.13414634146341,0.790055248618784
0.719477881593295,14.2695901306365,0.746520874751491,0.501137788652699,0.456870849011988,-0.516710875331565,0.168571428571429,2.67543859649123,1.10380952380952,2.56387665198238,0.349906191369606,3.56906077348066,,1.79646575869663,12.3928716512369,0.806163021868787,0.502768007340572,0.651743671992269,-0.160212201591512,0.151428571428572,2.46491228070175,1.23904761904762,1.84140969162996,0.484990619136961,2.39779005524862,,0.666928224754656,8.5787988283338,0.796222664015905,0.482752714482337,1.33352353340324,0.0010610079575597,0.898095238095238,0.578947368421053,1.81047619047619,0.334801762114538,1.18855534709193,0.795580110497237
0.757783669367771,14.3133779478737,0.790258449304175,0.502743538767396,0.483940945448564,-0.491246684350133,0.18,2.62280701754386,1.15333333333333,2.53744493392071,0.372420262664165,3.51381215469613,,1.8367770627098,11.9678647024866,0.851888667992048,0.502838354488454,0.680782596179549,-0.147480106100796,0.164761904761905,2.36842105263158,1.28095238095238,1.80176211453745,0.50750469043152,2.32044198895028,,0.697579696820679,8.57811464368947,0.820079522862823,0.485866340419024,1.38585425534102,-0.0010610079575597,0.94952380952381,0.574561403508772,1.86571428571429,0.211453744493392,1.24108818011257,0.812154696132596
0.794169463984093,14.3795300506724,0.847912524850894,0.50283223734516,0.51101104188514,-0.4657824933687,0.191428571428572,2.57017543859649,1.20285714285714,2.49779735682819,0.391181988742964,3.4585635359116,,1.86560689316029,11.476149750914,0.899602385685885,0.502911760207983,0.707888676413135,-0.136870026525199,0.18,2.2719298245614,1.32476190476191,1.75770925110132,0.530018761726079,2.23756906077348,,0.73014688589083,8.57738769750486,0.847912524850894,0.488986083499006,1.43430386774412,-0.0010610079575597,1.0047619047619,0.574561403508772,1.91904761904762,0.0969162995594717,1.32363977485929,0.839779005524862
0.838222402770948,14.4231895832888,0.889662027833002,0.502896467349748,0.543889951267658,-0.438196286472149,0.200952380952381,2.52631578947368,1.25809523809524,2.44052863436123,0.415572232645403,3.39779005524862,,1.88294242158603,10.9846913685831,0.953280318091451,0.502994341642453,0.734989616104291,-0.124137931034483,0.195238095238095,2.17982456140351,1.3647619047619,1.7136563876652,0.552532833020638,2.15469613259669,,0.756966923948601,8.57678903594108,0.871769383697813,0.490561247897232,1.47500668270516,-0.0031830238726791,1.06,0.574561403508772,1.96095238095238,0.0308370044052864,1.3780487804878,0.878453038674033
0.884191058561929,14.4668063543649,0.818091451292247,0.502786358770454,0.567089219254416,-0.414854111405836,0.214285714285714,2.4780701754386,1.31333333333333,2.37885462555066,0.436210131332083,3.33701657458564,,1.89835795685361,10.5155972718137,1.01093439363817,0.503083040220217,0.764028540291572,-0.111405835543767,0.212380952380952,2.07894736842105,1.40666666666667,1.65638766519824,0.575046904315197,2.07182320441989,,0.787618396014624,8.57610485129674,0.903578528827038,0.495225569658969,1.51182838813152,-0.0031830238726791,1.1152380952381,0.578947368421053,1.99333333333333,0.00440528634361259,1.43245778611632,0.922651933701657
0.941658292531697,14.4878450321781,0.927435387673956,0.502954580211042,0.596092159644686,-0.387267904509284,0.227619047619048,2.42982456140351,1.35904761904762,2.31277533039648,0.456848030018762,3.27624309392265,,1.90995061042099,10.0019456500823,1.06262425447316,0.501624101544579,0.791134620525158,-0.10079575596817,0.235238095238095,1.98245614035088,1.07333333333333,1.93392070484582,0.595684803001876,1.98895027624309,,0.824017019093028,8.5752923820316,0.92544731610338,0.49833613702401,1.56802993851911,-0.0031830238726791,1.17047619047619,0.587719298245614,,,1.48499061913696,0.972375690607735
0.985715507472579,14.5091830407731,0.961232604373758,0.503006575929041,0.62703308453108,-0.359681697612732,0.244761904761905,2.37719298245614,1.3952380952381,2.25550660792952,0.483114446529081,3.19889502762431,,1.92348036176263,9.37664364670416,1.11431411530815,0.501703624407402,0.820173544712438,-0.0880636604774537,0.261904761904762,1.8859649122807,1.44857142857143,1.59911894273128,0.618198874296435,1.9060773480663,,0.852752774154925,8.57465095892754,0.959244532803181,0.503003517357394,1.61841239487591,-0.0010610079575597,1.22,0.592105263157895,,,1.53939962476548,1.03867403314917
1.03169699172564,14.4858352397853,1.03876739562624,0.501587398684814,0.654098040425226,-0.332095490716181,0.26,2.33333333333333,1.4352380952381,2.18942731277533,0.51125703564728,3.11049723756906,,1.93127151439995,8.70682687990422,1.16600397614314,0.501783147270225,0.847279624946025,-0.0774535809018567,0.294285714285714,1.78947368421053,1.48857142857143,1.53744493392071,0.640712945590994,1.82872928176796,,0.879572812212696,8.57405229736375,0.987077534791253,0.504584798898914,1.66684144510929,0.0074270557029178,1.2752380952381,0.605263157894737,,,1.593808630394,1.12154696132597
1.07384704197045,14.4625729618781,0.999005964214712,0.503064688790335,0.681173277404232,-0.308753315649868,0.279047619047619,2.28070175438597,1.4752380952381,2.11894273127753,0.535647279549719,3.03867403314917,,1.93905839088324,8.05933163712557,1.22365805168986,0.500333384309528,0.876323689675735,-0.0668435013262599,0.334285714285714,1.69736842105263,1.53047619047619,1.4625550660793,0.665103189493433,1.74585635359116,,0.90447713326634,8.57349639734023,1.01292246520875,0.506163021868787,1.70558057286205,0.0159151193633953,1.33047619047619,0.618421052631579,,,1.64634146341463,1.19889502762431
1.11982852622351,14.4392251608903,1.07256461232604,0.501639394402814,0.710171077252072,-0.279045092838196,0.298095238095238,2.24122807017544,1.50571428571429,2.05726872246696,0.563789868667918,2.95580110497238,,1.94684526736653,7.41183639434693,1.2713717693837,0.501945251567518,0.903429769909321,-0.0562334217506632,0.376190476190476,1.62719298245614,1.57238095238095,1.38766519823789,0.700750469043152,1.61878453038674,,0.933212888328238,8.57285497423617,1.03677932405567,0.509276647805475,1.73268665309563,0.0265251989389921,1.38380952380952,0.635964912280702,,,1.70075046904315,1.2817679558011
1.17539714780526,14.3710205041586,1.11431411530815,0.501703624407402,0.741106861596036,-0.249336870026525,0.317142857142857,2.20175438596491,1.55714285714286,1.95154185022026,0.591932457786116,2.86740331491713,,1.95461503923371,6.85362724765346,1.31312127236581,0.503547943110567,0.930535850142907,-0.0456233421750664,0.418095238095238,1.57456140350877,1.61428571428571,1.29955947136564,0.74015009380863,1.50276243093923,,0.967695794402514,8.5720852665113,1.06262425447316,0.510854870775348,1.75979787387165,0.0350132625994695,1.43904761904762,0.662280701754386,,,1.72889305816135,1.32596685082873
1.22329862521648,14.3253084176092,1.15805168986084,0.500232451445175,0.775913474389818,-0.217506631299735,0.338095238095238,2.16666666666667,1.60666666666667,1.83700440528634,0.625703564727955,2.77900552486188,,1.95662910778046,6.3401894336234,1.36481113320079,0.506704389050314,0.957641930376493,-0.0350132625994695,0.46,1.53070175438597,1.65619047619048,1.20264317180617,0.768292682926829,1.41988950276243,,0.990684398452032,8.57157212802805,1.08846918489066,0.513971555283683,1.78883679805893,0.0477453580901857,1.49238095238095,0.684210526315789,,,1.75703564727955,1.3646408839779
1.2692886617776,14.2573175685788,1.19582504970179,0.500290564306469,0.80104044578784,-0.189920424403183,0.357142857142857,2.1359649122807,1.64095238095238,1.74449339207048,0.661350844277674,2.67955801104972,,1.96250454341365,5.67041542836373,1.41650099403578,0.512937758066983,0.986685995106204,-0.0244031830238727,0.501904761904762,1.49122807017544,1.69238095238095,1.11013215859031,0.809568480300188,1.31491712707182,,1.01750016035578,8.59329499048556,1.11431411530815,0.517088239792017,1.81399975325396,0.0604774535809018,1.54761904761905,0.719298245614035,,,1.78517823639775,1.38121546961326
1.31528297449274,14.1670051955271,1.23161033797217,0.500345618596116,0.828115682766846,-0.16657824933687,0.38,2.10964912280702,1.68285714285714,1.63436123348018,0.700750469043152,2.58011049723757,,1.96642150050245,5.22389942485729,1.44632206759443,0.517599021257073,1.01379207533979,-0.0137931034482759,0.543809523809524,1.45175438596491,1.72666666666667,1.01321585903084,0.850844277673546,1.22651933701657,,1.05006734942593,8.59256804430096,1.14214711729622,0.518669521333537,1.84110069294512,0.073209549071618,1.57428571428571,0.736842105263158,,,1.81144465290807,1.39779005524862
1.36894443137842,14.0542002522931,1.26938369781312,0.501942192995871,0.855180638660991,-0.138992042440318,0.399047619047619,2.08333333333333,1.7152380952381,1.52422907488987,0.74953095684803,2.46961325966851,,1.97037266682346,4.59881122918048,1.47216699801193,0.523792628842331,1.04089301503095,-0.0010610079575597,0.585714285714286,1.42543859649123,1.75904761904762,0.916299559471366,0.880863039399625,1.1767955801105,,1.08263453849608,8.59184109811636,1.16998011928429,0.52332772595198,1.87015503875969,0.0795755968169761,1.60285714285714,0.763157894736842,,,1.83958724202627,1.39226519337017
1.41877445425584,13.9414808321396,1.30119284294235,0.503529591680685,0.882245594555137,-0.111405835543767,0.425714285714286,2.05701754385965,1.74190476190476,1.43171806167401,0.788930581613508,2.39226519337017,,1.97622672168652,4.04064484402728,1.5,0.528450833460774,1.06993707976066,0.00954907161803709,0.640952380952381,1.39912280701754,1.78571428571429,0.819383259911894,0.907129455909944,1.13812154696133,,1.10945457655385,8.59124243655257,1.19582504970179,0.526444410460315,1.89729710279029,0.0753315649867373,1.62952380952381,0.789473684210526,,,1.86585365853659,1.3646408839779
1.4743601804537,13.7839900793227,1.34095427435388,0.505129224652088,0.911248534945407,-0.0838196286472149,0.448571428571429,2.03508771929825,1.77047619047619,1.31718061674009,0.817073170731707,2.34254143646409,,1.98209360501165,3.4155138868102,1.52584493041749,0.536182902584493,1.09704315999424,0.0201591511936339,0.696190476190476,1.37719298245614,1.81238095238095,0.722466960352423,0.935272045028142,1.10497237569061,,1.13627461461162,8.59064377498878,1.22365805168986,0.529564153540297,1.92253716612177,0.056233421750663,1.65619047619048,0.820175438596491,,,1.89024390243902,1.31491712707182
1.52803446580146,13.6042205640247,1.38469184890656,0.506734974766784,0.942184319289371,-0.0541114058355439,0.471428571428571,2.01754385964912,1.79904761904762,1.18942731277533,0.850844277673546,2.29834254143646,,1.98412477817451,2.81278997669496,1.55367793240557,0.543918030279859,1.12414924022783,0.0307692307692307,0.738095238095238,1.36842105263158,1.8352380952381,0.625550660792952,0.963414634146341,1.08839779005525,,1.16309465266939,8.59004511342499,1.24751491053678,0.532677779476984,1.94779779162297,0.0286472148541114,1.68285714285714,0.859649122807018,,,1.9108818011257,1.22651933701657
1.5682944559663,13.44707190353,1.41848906560636,0.508325432023245,0.971182119137212,-0.0244031830238727,0.496190476190476,2,1.82761904761905,1.05286343612335,0.886491557223265,2.25414364640884,,1.98996600457548,2.32158816360566,1.58151093439364,0.553191619513687,1.15318816441511,0.043501326259947,0.793333333333333,1.35526315789474,1.85809523809524,0.52863436123348,0.99155722326454,1.07734806629834,,1.18991469072716,8.5894464518612,1.27733598409543,0.537339042667075,1.96528077642753,0.0116710875331565,1.70952380952381,0.894736842105263,,,1.92589118198874,1.14917127071823
1.61046588698125,13.3122020055162,1.46421471172962,0.514549625324973,0.998252215573787,0.0010610079575597,0.517142857142857,1.98684210526316,1.84476190476191,0.955947136563877,0.927767354596623,2.22099447513812,,1.99198007312223,1.80815034957559,1.60735586481113,0.564000611714329,1.18223222914482,0.0541114058355438,0.848571428571428,1.34649122807018,1.87904761904762,0.436123348017622,1.0328330206379,1.08839779005525,,1.21673472878493,8.58884779029741,1.30318091451292,0.540455727175409,1.98468632410092,0.0010610079575597,1.73619047619048,0.942982456140351,,,1.93527204502814,1.06629834254144
1.65264159415022,13.1550105834812,1.50795228628231,0.520770760055054,1.02918799991775,0.0307692307692307,0.547619047619048,1.97368421052632,1.86380952380952,0.832599118942732,0.980300187617261,2.20441988950276,,1.99784268029334,1.20534091637981,1.6351888667992,0.57635112402508,1.20739518433985,0.0668435013262598,0.903809523809524,1.34210526315789,1.9,0.334801762114538,1.0609756097561,1.10497237569061,,1.24547048384683,8.58820636719335,1.32902584493042,0.545110873222205,2,0.0010610079575597,1.7647619047619,0.991228070175439,,,1.94277673545966,0.983425414364641
1.68907870261487,12.9533043980244,1.54572564612326,0.526982719070194,1.05239240844694,0.0519893899204245,0.581904761904762,1.96491228070175,1.88095238095238,0.731277533039648,1.0234521575985,2.20441988950276,,2.0017852943063,0.624895768745592,1.6610337972167,0.591775500841107,1.23643924906956,0.0774535809018568,0.945714285714286,1.34210526315789,1.92285714285714,0.242290748898678,1.0891181988743,1.13812154696133,,1.26845908789635,8.5876932287101,1.35487077534791,0.54822755773054,,,1.79142857142857,1.05263157894737,,,1.9577861163227,0.828729281767955
1.72168437707126,12.7516837356482,1.57952286282306,0.534727022480502,1.07752452038739,0.0774535809018568,0.62,1.95614035087719,1.89619047619048,0.621145374449339,1.0609756097561,2.22099447513812,,1.49159735733681,13.8059267494815,1.68886679920477,0.607202936228781,1.26547817325684,0.0901856763925729,1.00095238095238,1.33771929824561,1.94380952380952,0.145374449339208,1.1172607879925,1.18232044198895,,1.29719484295824,8.58705180560604,1.38469184890656,0.554427282459092,,,1.82,1.10526315789474,,,1.96904315196998,0.662983425414364
1.74853862436125,12.572512881914,1.64314115308151,0.554824896773207,1.10072378837415,0.10079575596817,0.66,1.94736842105263,1.9152380952381,0.497797356828194,1.09662288930582,2.24861878453039,,0.585429005152766,14.0047251501999,1.71471172962227,0.625704236121731,1.292579112948,0.102917771883289,1.05809523809524,1.33771929824561,1.97238095238095,0.0484581497797358,1.14540337711069,1.23204419889503,,1.32018344700776,8.58653866712279,1.40854870775348,0.559079369934241,,,1.8447619047619,1.15350877192982,,,1.97842401500938,0.502762430939226
1.7792414102756,12.3039704090141,1.61332007952286,0.544009787429271,1.12199021240721,0.122015915119363,0.698095238095238,1.94298245614035,1.93428571428571,0.365638766519824,1.13602251407129,2.28176795580111,,0.704160697868337,14.2252891749161,1.73856858846918,0.645740938981496,1.31968005263915,0.115649867374005,1.09809523809524,1.34210526315789,1.96095238095238,0.0792951541850222,1.17166979362101,1.29281767955801,,1.35083491907379,8.58585448247846,1.43638170974155,0.566814497629607,,,1.87142857142857,1.18859649122807,,,1.98780487804878,0.348066298342541
1.80802847918582,12.0354706976545,1.67693836978131,0.568723046337361,1.15293113729361,0.149602122015915,0.724761904761905,1.94298245614035,1.95142857142857,0.233480176211454,1.17354596622889,2.33701657458564,,0.648626285518805,14.1149216394775,1.76441351888668,0.667319161951369,1.34678099233031,0.128381962864721,1.14190476190476,1.34649122807018,1.98761904761905,0.00881057268722474,1.19981238273921,1.35911602209945,,1.37573924012743,8.58529858245494,1.46222664015905,0.571469643676403,,,1.89809523809524,1.17543859649123,,,1.99343339587242,0.187845303867403
1.8330012187039,11.6777704132903,1.70477137176938,0.584150481725035,1.18386178109514,0.181432360742706,0.762857142857143,1.93859649122807,1.96857142857143,0.127753303964758,1.20919324577861,2.39779005524862,,0.753956511513545,14.2911419469329,1.78429423459245,0.688888209206301,1.37387679147904,0.143236074270557,1.19714285714286,1.35526315789474,,,1.22607879924953,1.43646408839779,,1.40830642919758,8.58457163627034,1.49005964214712,0.579204771371769,,,1.91904761904762,1.12280701754386,,,1.99718574108818,0.0331491712707175
1.85990677984221,11.2307412713006,1.73658051689861,0.604199418871387,1.21479756543911,0.211140583554377,0.785714285714286,1.93859649122807,1.99333333333333,0.0132158590308373,1.24108818011257,2.45303867403315,,0.796089457142246,14.3571657651109,1.80218687872763,0.708915736351124,1.40484855962001,0.158090185676393,1.23904761904762,1.3640350877193,,,1.25609756097561,1.51933701657459,,1.4312950332471,8.58405849778709,1.51590457256461,0.586936840495489,,,1.93047619047619,1.06140350877193,,,,
1.87147377648543,10.851018793697,1.75844930417495,0.621156140082581,1.24380564637181,0.236604774535809,0.840952380952381,1.93859649122807,,,1.27861163227017,2.53038674033149,,0.840142395929101,14.4008252977272,1.82007952286282,0.728943263495947,1.43194435876874,0.172944297082228,1.27904761904762,1.37280701754386,,,1.29549718574109,1.64088397790055,,1.46194650531312,8.58337431314276,1.54373757455268,0.597748891267778,,,1.93809523809524,1,,,,
1.88688931175301,10.3819246969276,1.78429423459245,0.642734363052455,1.27280344621965,0.26631299734748,0.905714285714286,1.93859649122807,,,1.31613508442777,2.61878453038674,,0.884199610869983,14.4221633063223,1.83598409542744,0.752044655146047,1.45903501737503,0.189920424403183,1.33619047619048,1.39035087719298,,,1.33302063789869,1.76243093922652,,1.48685082636677,8.58281841311924,1.5675944333996,0.60547790181985,,,1.94571428571429,0.942982456140351,,,,
1.90233050394475,9.77890145603045,1.80417495029821,0.664303410307387,1.30954290296712,0.30026525198939,0.955238095238095,1.93859649122807,,,1.36303939962477,2.73480662983425,,0.983808342776507,14.4645827542708,1.85188866799205,0.770530662180762,1.48613081652376,0.204774535809019,1.44666666666667,1.44298245614035,,,1.37054409005629,1.88397790055249,,1.51367086442454,8.58221975155545,1.59741550695825,0.616293011163787,,,1.95142857142857,0.87719298245614,,,,
1.91393170982019,9.22060678625644,1.82604373757455,0.688952439210889,1.3366129994037,0.325729442970822,0.999047619047619,1.93859649122807,,,1.40431519699812,2.84530386740332,,0.935915417673345,14.4656517927776,1.86779324055666,0.793632053830861,1.51515945962618,0.221750663129974,1.39904761904762,1.41666666666667,,,1.40431519699812,2.00552486187845,,1.53857518547818,8.58166385153193,1.62326043737575,0.62864046490289,,,1.95523809523809,0.815789473684211,,,,
1.92361292253747,8.684676402044,1.84194831013917,0.710515369322526,1.36561593979397,0.353315649867374,1.04285714285714,1.93859649122807,,,1.43996247654784,2.95580110497238,,0.012980265549165,2.18714588099463,1.8817097415507,0.81365346383239,1.54224497769005,0.240848806366048,1.48857142857143,1.47368421052632,,,1.43808630393996,2.13259668508287,,1.56731094054008,8.58102242842787,1.65109343936382,0.642529438752103,,,1.96095238095238,0.75,,,,
1.93137841825063,8.14878877937183,1.86182902584493,0.736699801192843,1.39655686468036,0.380901856763926,1.10190476190476,1.93859649122807,,,1.47748592870544,3.06077348066298,,0.0167047957067413,2.74509845844647,1.89562624254473,0.835213335372381,1.56933563629634,0.257824933687003,1.53047619047619,1.50877192982456,,,1.47373358348968,2.25414364640884,,1.59413097859785,8.58042376686408,1.67693836978131,0.656415354029668,,,1.9647619047619,0.692982456140351,,,,
1.94106390712193,7.5905368711381,1.87773359840954,0.762878115919865,1.42555980507063,0.408488063660477,1.1552380952381,1.93859649122807,,,1.51125703564728,3.15469613259669,,0.00924290692950758,1.69615787560668,1.90954274353877,0.856773206912372,1.59641601381778,0.279045092838196,1.57238095238095,1.54824561403509,,,1.50750469043152,2.37569060773481,,1.62095101665562,8.57982510530029,1.70477137176938,0.674919712494265,,,1.96857142857143,0.62719298245614,,,,
1.94690513352291,7.09933505804879,1.89562624254473,0.79367487383392,1.45262990150721,0.43395225464191,1.1952380952381,1.93859649122807,,,1.54502814258912,3.25966850828729,,0.00741271300592239,1.24977015672104,1.9234592445328,0.876794616913901,1.62543437583534,0.30026525198939,1.61428571428571,1.60087719298246,,,1.54502814258912,2.49723756906077,,1.64585533770926,8.57926920527678,1.73061630218688,0.693421012387215,,,1.97047619047619,0.570175438596491,,,,
1.95083064291976,6.60817600649976,1.90954274353877,0.819850129989295,1.47970513848621,0.457294429708223,1.25428571428571,1.93859649122807,,,1.58255159474672,3.37016574585635,,1.03553270188792,14.4634281926835,1.93538767395626,0.898351429882245,1.65444759731047,0.323607427055703,1.65619047619048,1.66228070175439,,,1.5844277673546,2.62430939226519,,1.67267537576704,8.57867054371299,1.75646123260437,0.713460773818627,,,1.97619047619048,0.504385964912281,,,,
1.95671035470698,5.91608047721879,1.9234592445328,0.844486924606209,1.51644459523369,0.491246684350133,1.28857142857143,1.93859649122807,,,1.62945590994371,3.49723756906077,,1.09300848816574,14.4398238224541,1.9493041749503,0.919911301422236,1.67959513087821,0.342705570291777,1.69809523809524,1.74561403508772,,,1.62382739212008,2.74585635359116,,1.69949541382481,8.5780718821492,1.77833001988072,0.735032879645206,,,1.98,0.442982456140351,,,,
1.96255585726198,5.40255714010819,1.93538767395626,0.870659122189937,1.54931836407378,0.520954907161804,1.33809523809524,1.94298245614035,,,1.67448405253283,3.61325966850829,,,,1.96322067594433,0.941471172962227,1.70860835235334,0.36604774535809,1.73238095238095,1.84210526315789,,,1.66510318949343,2.85635359116022,,1.73015116204486,8.55506617348357,1.80218687872763,0.756608044043432,,,1.98190476190476,0.37719298245614,,,,
1.96842701674114,4.75510465886982,1.9493041749503,0.901449762960698,1.58219727345629,0.548541114058356,1.37428571428571,1.94736842105263,,,1.71575984990619,3.70165745856354,,,,1.97912524850895,0.969187949227711,1.73762157382847,0.389389920424403,1.76095238095238,1.93859649122807,,,1.69324577861163,2.9171270718232,,1.7531440422484,8.53223151097903,1.82007952286282,0.775097109649794,,,1.98571428571429,0.31140350877193,,,,
1.97237818306215,4.13001646319301,1.96719681908549,0.933784982413213,1.61507618283881,0.576127320954907,1.40666666666667,1.95614035087719,,,1.74015009380863,3.74585635359116,,,,1.99502982107356,0.996904725493195,1.76469681080748,0.412732095490716,1.78190476190476,2.03508771929825,,,1.72138836772983,2.97237569060773,,1.7818797973103,8.53159008787497,1.83996023856859,0.796666156904726,,,1.98952380952381,0.25,,,,
1.97632507322914,3.52724979153749,1.97713717693837,0.956877198348371,1.64407912322908,0.603713527851459,1.43904761904762,1.96491228070175,,,1.76454033771107,3.78453038674033,,,,,,1.79178232887134,0.43183023872679,1.80285714285714,2.13157894736842,,,1.74765478424015,3.02209944751381,,1.80869983536807,8.53099142631118,1.85785288270378,0.816693684049549,,,1.99333333333333,0.18859649122807,,,,
1.98220906117038,2.81283273823523,1.99105367793241,0.984590916042208,1.67889601710773,0.631299734748011,1.47523809523809,1.98684210526316,,,1.79268292682927,3.8121546961326,,,,,,1.81887298747764,0.448806366047745,1.81809523809524,2.2280701754386,,,1.77767354596623,3.05524861878453,,1.83361270872977,8.48579247824507,1.87773359840954,0.839801192842942,,,1.99523809523809,0.114035087719298,,,,
1.9861773321075,2.09845844647324,,,1.71952172393231,0.661007957559682,1.50761904761905,2,,,1.81894934333959,3.81767955801105,,,,,,1.84792219274978,0.457294429708223,1.83333333333333,2.32456140350877,,,1.80393996247655,3.07182320441989,,1.84702700391268,8.46317162344188,1.89165009940358,0.85828414130601,,,1.99714285714286,0.0219298245614037,,,,
1.99395993243677,1.47328472771589,,,1.75434375835338,0.686472148541114,1.53809523809524,2.0219298245614,,,1.84521575984991,3.80662983425414,,,,,,1.87507453786524,0.448806366047745,1.84857142857143,2.41666666666667,,,1.83208255159475,3.06629834254144,,1.86044129909559,8.44055076863869,1.90954274353877,0.881388591527757,,,,,,,,
1.99602103867781,0.714310149451583,,,1.7911243394403,0.703448275862069,1.57047619047619,2.04824561403509,,,1.86772983114447,3.74585635359116,,,,,,1.89646433491662,0.419098143236074,1.86190476190476,2.51315789473684,,,1.86022514071295,3.02762430939227,,1.87577986359069,8.37324410425264,1.9234592445328,0.899871539990824,,,,,,,,
1.99992944345855,0.312437193987728,,,1.82793576378179,0.707692307692308,1.60095238095238,2.07894736842105,,,1.88461538461538,3.69060773480663,,,,,,1.90622622499126,0.389389920424403,1.87333333333333,2.60964912280702,,,1.88461538461538,2.95027624309392,,1.88728699407753,8.30602296294713,1.94135188866799,0.922975990212571,,,,,,,,
0.985715507472579,14.5091830407731,,,1.85315012440113,0.69920424403183,1.62952380952381,2.1140350877193,,,1.89774859287054,3.60773480662983,,,,,,1.91599325560833,0.357559681697613,1.88285714285714,2.67105263157895,,,1.89962476547842,2.86740331491713,,1.89496269055611,8.23888734472216,1.95526838966203,0.9429974002141,,,,,,,,
0.985719783626606,14.4868615167518,,,1.86868998416713,0.684350132625995,1.66,2.15789473684211,,,1.90900562851782,3.53038674033149,,,,,,1.92188431723315,0.325729442970822,1.89238095238095,2.73684210526316,,,1.9108818011257,2.78453038674033,,1.90648264950504,8.10470163135276,1.97117296222664,0.963021868787276,,,,,,,,
0.985719783626606,14.4868615167518,,,1.87843131207205,0.663129973474801,1.68666666666667,2.20614035087719,,,1.91463414634146,3.46961325966851,,,,,,1.92777023831555,0.296021220159151,1.90952380952381,2.79824561403509,,,1.91838649155722,2.70165745856354,,1.91992260161211,7.9481516324218,1.98111332007952,0.979960238568589,,,,,,,,
,,,,1.88817263997697,0.641909814323607,1.71333333333333,2.26315789473684,,,1.92213883677298,3.39226519337017,,,,,,1.93365615939794,0.26631299734748,1.92285714285714,2.79824561403509,,,1.92589118198874,2.61878453038674,,1.92569540954865,7.81409420367322,1.99502982107356,0.998443187031656,,,,,,,,
,,,,1.90182592067115,0.605835543766578,1.73809523809524,2.32017543859649,,,1.92776735459662,3.28176795580111,,,,,,1.93760409598421,0.236604774535809,1.93238095238095,2.73245614035088,,,1.93151969981238,2.53591160220994,,1.9333967629514,7.61302944132048,,,,,,,,,,
,,,,1.9077221228384,0.571883289124669,1.75714285714286,2.37719298245614,,,1.93527204502814,3.18232044198895,,,,,,1.94349515760903,0.204774535809019,1.93809523809524,2.66666666666667,,,1.93714821763602,2.4585635359116,,1.93918239935002,7.41200744050801,,,,,,,,,,
,,,,1.91555116895935,0.540053050397878,1.77428571428571,2.43421052631579,,,1.9390243902439,3.08839779005525,,,,,,1.9474430941953,0.175066312997347,1.94190476190476,2.60526315789474,,,1.94090056285178,2.37569060773481,,1.94496803574865,7.21098543969554,,,,,,,,,,
,,,,1.92145765221146,0.501856763925729,1.79333333333333,2.50438596491228,,,1.94465290806754,2.97237569060773,,,,,,1.95333415582012,0.143236074270557,1.94571428571429,2.53508771929825,,,1.94465290806754,2.29281767955801,,1.94884223129717,6.98768467640205,,,,,,,,,,
,,,,1.92735385437871,0.46790450928382,1.80857142857143,2.57017543859649,,,1.95028142589118,2.82872928176796,,,,,,1.95728209240639,0.113527851458886,1.94952380952381,2.44736842105263,,,1.95028142589118,2.20994475138122,,1.95272070299972,6.74206238908726,,,,,,,,,,
,,,,1.93131207204984,0.43395225464191,1.82380952380952,2.6359649122807,,,1.95590994371482,2.69060773480663,,,,,,1.96316801348878,0.0838196286472148,1.95142857142857,2.35087719298246,,,1.95215759849906,2.12707182320442,,1.95659917470227,6.49644010177247,,,,,,,,,,
,,,,1.93529599243312,0.389389920424403,1.83904761904762,2.70614035087719,,,1.9577861163227,2.57458563535912,,,,,,1.96905393457118,0.0541114058355438,1.95714285714286,2.25438596491228,,,1.9577861163227,2,,1.96241046802506,6.16148895683223,,,,,,,,,,
,,,,1.94316102235108,0.342705570291777,1.85047619047619,2.7719298245614,,,1.96341463414634,2.42541436464088,,,,,,1.97881582464582,0.0244031830238727,1.95904761904762,2.15789473684211,,,1.96153846153846,1.88397790055249,,1.96629749203566,5.87122362147485,,,,,,,,,,
,,,,1.94715008327679,0.296021220159151,1.86190476190476,2.83333333333333,,,1.96529080675422,2.29834254143646,,,,,,1.99824193448893,0.00530503978779828,1.96095238095238,2.06140350877193,,,1.96529080675422,1.76243093922652,,0.302941993970623,8.58692352098523,,,,,,,,,,
,,,,1.95308226924105,0.247214854111406,1.87523809523809,2.89035087719298,,,1.9671669793621,2.1878453038674,,,,,,1.98659860588489,0.0116710875331565,1.96285714285714,1.96491228070175,,,1.96904315196998,1.64088397790055,,0.276126232066879,8.56520065852772,,,,,,,,,,
,,,,1.95707133016676,0.20053050397878,1.8847619047619,2.94298245614035,,,1.97091932457786,2.06629834254144,,,,,,0.00600415355828349,0.0010610079575597,1.9647619047619,1.86842105263158,,,1.97279549718574,1.51933701657459,,0.0485236578221547,6.65063821598854,,,,,,,,,,
,,,,1.9629829539613,0.160212201591512,1.89619047619048,2.9780701754386,,,1.97279549718574,1.92265193370166,,,,,,,,1.96857142857143,1.77631578947368,,,1.9765478424015,1.39226519337017,,0.0485236578221547,6.65063821598854,,,,,,,,,,
,,,,1.96696687434458,0.115649867374005,1.91142857142857,2.99122807017544,,,1.9765478424015,1.78453038674033,,,,,,,,1.97047619047619,1.67543859649123,,,1.97842401500938,1.27624309392265,,0.0598725706099934,7.40931346347095,,,,,,,,,,
,,,,1.97288363868155,0.073209549071618,1.92285714285714,2.96491228070175,,,1.97842401500938,1.65745856353591,,,,,,,,1.97238095238095,1.55263157894737,,,1.98030018761726,1.14917127071823,,1.96827307519617,5.55867952363644,,,,,,,,,,
,,,,1.97879012193367,0.0350132625994695,1.93047619047619,2.92105263157895,,,1.98030018761726,1.5414364640884,,,,,,,,1.97619047619048,1.42105263157895,,,1.98405253283302,1.02762430939227,,1.97217720382288,5.17912809219388,,,,,,,,,,
,,,,1.99242284045813,0.0074270557029178,1.93428571428571,2.86842105263158,,,1.98405253283302,1.38121546961326,,,,,,,,1.97809523809524,1.31140350877193,,,1.9859287054409,0.906077348066298,,1.97799704945372,4.79953389921105,,,,,,,,,,
,,,,2,0.00318302387267899,1.94,2.81140350877193,,,1.9859287054409,1.22651933701657,,,,,,,,1.98,1.18859649122807,,,1.98968105065666,0.784530386740331,,1.98189690192641,4.44230399178979,,,,,,,,,,
,,,,,,1.94571428571429,2.66228070175439,,,1.98780487804878,1.06077348066298,,,,,,,,1.98380952380952,1.07456140350877,,,1.99155722326454,0.657458563535911,,1.98386820893289,4.15208141797268,,,,,,,,,,
,,,,,,1.94380952380952,2.73245614035088,,,1.98968105065666,0.900552486187845,,,,,,,,1.98571428571429,0.964912280701754,,,1.99343339587242,0.535911602209944,,1.98583951593936,3.86185884415557,,,,,,,,,,
,,,,,,1.94952380952381,2.57894736842105,,,1.99155722326454,0.751381215469613,,,,,,,,1.98761904761905,0.864035087719298,,,1.9953095684803,0.414364640883977,,1.99182185542323,2.63404673836352,,,,,,,,,,
,,,,,,1.95523809523809,2.46491228070175,,,1.99343339587242,0.580110497237569,,,,,,,,1.98952380952381,0.758771929824562,,,1.9953095684803,0.281767955801104,,1.99189027388767,2.27690235402279,,,,,,,,,,
,,,,,,1.95904761904762,2.34649122807018,,,1.9953095684803,0.453038674033149,,,,,,,,1.98952380952381,0.644736842105263,,,1.99718574108818,0.143646408839779,,1.9938701332022,1.94203673216309,,,,,,,,,,
,,,,,,1.96285714285714,2.23245614035088,,,1.99718574108818,0.314917127071823,,,,,,,,1.99142857142857,0.526315789473685,,,1.99906191369606,0.00552486187845247,,1.99394282782066,1.56257082380108,,,,,,,,,,
,,,,,,1.9647619047619,2.09210526315789,,,1.99906191369606,0.193370165745856,,,,,,,,1.99523809523809,0.394736842105263,,,,,,1.99594406790533,1.1160975818349,,,,,,,,,,
,,,,,,1.96857142857143,1.96929824561404,,,2.00093808630394,0.00552486187845247,,,,,,,,1.99714285714286,0.285087719298246,,,,,,1.98983771995467,2.99123388424451,,,,,,,,,,
,,,,,,1.96857142857143,1.85526315789474,,,2.00093808630394,0.104972375690607,,,,,,,,1.99904761904762,0.157894736842105,,,,,,1.98786213679417,3.30377798208292,,,,,,,,,,
,,,,,,1.97238095238095,1.74561403508772,,,0.00281425891181997,0.0939226519337009,,,,,,,,2.00095238095238,0.070175438596491,,,,,,1.98781082294584,3.57163627033846,,,,,,,,,,
,,,,,,1.97428571428571,1.64035087719298,,,,,,,,,,,,,,,,,,,,,,,,,,,,,,
,,,,,,1.97619047619048,1.51754385964912,,,,,,,,,,,,,,,,,,,,,,,,,,,,,,
,,,,,,1.97809523809524,1.42543859649123,,,,,,,,,,,,,,,,,,,,,,,,,,,,,,
,,,,,,1.98,1.32894736842105,,,,,,,,,,,,,,,,,,,,,,,,,,,,,,
,,,,,,1.98190476190476,1.19736842105263,,,,,,,,,,,,,,,,,,,,,,,,,,,,,,
,,,,,,1.98571428571429,1.05701754385965,,,,,,,,,,,,,,,,,,,,,,,,,,,,,,
,,,,,,1.98571428571429,0.942982456140351,,,,,,,,,,,,,,,,,,,,,,,,,,,,,,
,,,,,,1.98761904761905,0.81140350877193,,,,,,,,,,,,,,,,,,,,,,,,,,,,,,
,,,,,,1.98952380952381,0.684210526315789,,,,,,,,,,,,,,,,,,,,,,,,,,,,,,
,,,,,,1.99142857142857,0.565789473684211,,,,,,,,,,,,,,,,,,,,,,,,,,,,,,
,,,,,,1.99523809523809,0.43859649122807,,,,,,,,,,,,,,,,,,,,,,,,,,,,,,
,,,,,,1.99523809523809,0.324561403508772,,,,,,,,,,,,,,,,,,,,,,,,,,,,,,
,,,,,,1.99904761904762,0.171052631578947,,,,,,,,,,,,,,,,,,,,,,,,,,,,,,
,,,,,,2.00095238095238,0.083333333333333,,,,,,,,,,,,,,,,,,,,,,,,,,,,,,
,,,,,,2.00095238095238,0.013157894736842,,,,,,,,,,,,,,,,,,,,,,,,,,,,,,
